"id","age","sex","body_condition","habitat","temperature_celsius","rainfall","trap_type","handler_experience","season","host_density","previous_exposure","disease_status","viral_load"
8,"adult","male",6.69213111007958,"forest",9.6441822585735,69.1377596189577,"live_trap","novice","fall",30,1,0,0
131,"juvenile","male",8.87010788657306,"forest",23.1541396306056,8.77315692809864,"live_trap","novice","summer",89,1,0,0
28,"adult","male",7.23207361276751,"forest",16.7106270161297,55.6846698756364,"live_trap","experienced","spring",43,1,0,0
119,"adult","female",5.5618206597762,"forest",12.5135706621741,43.3608447259121,"live_trap","experienced","spring",34,0,1,3
198,"adult","female",4.44853954952971,"forest",29.7946177155171,28.4148717959444,"pitfall_trap","novice","summer",87,0,1,27
119,"adult","male",7.83855324463131,"forest",22.8197158514628,24.1290450099189,"live_trap","experienced","summer",86,0,0,0
66,"juvenile","male",6.96754750563526,"forest",14.9391911374387,53.5232856491131,"live_trap","novice","fall",59,0,0,0
94,"juvenile","male",7.23482136891931,"edge",20.5779589989549,42.6968913889654,"pitfall_trap","novice","fall",47,0,1,9
58,"juvenile","female",6.42914570886241,"forest",4.54887878662664,70.6773471636303,"live_trap","experienced","winter",71,1,0,0
150,"adult","female",5.41022344847593,"forest",24.7597925434936,28.0591969667908,"pitfall_trap","experienced","summer",58,1,1,22
72,"adult","female",7.3605494097953,"grassland",4.65785648033091,61.5454552921938,"pitfall_trap","experienced","winter",88,1,1,13
156,"juvenile","male",5.82000393545224,"forest",9.80700043592997,93.3362087298773,"pitfall_trap","experienced","winter",47,0,1,9
99,"juvenile","female",4.25528918023779,"grassland",6.31237664872345,110.830021020953,"live_trap","experienced","winter",84,1,0,0
12,"adult","female",4.93265271905821,"grassland",5.31903221722939,75.9058066973784,"live_trap","novice","winter",20,0,0,0
52,"juvenile","male",7.62179237453242,"grassland",10.7033929762424,67.8810174030355,"live_trap","novice","spring",18,0,0,0
66,"juvenile","female",6.61754906651009,"grassland",10.5123531335479,60.7480451392016,"live_trap","novice","spring",60,1,0,0
48,"juvenile","female",8.11866168311241,"grassland",27.6752470588626,49.010536811266,"live_trap","experienced","summer",56,0,0,0
31,"juvenile","female",7.6213733735806,"forest",21.2453707807546,29.2730666908985,"pitfall_trap","novice","summer",77,0,0,0
33,"juvenile","male",4.81575809565701,"edge",19.7611155006833,37.1667260922279,"pitfall_trap","experienced","summer",29,0,0,0
48,"juvenile","female",7.87525162602183,"grassland",0.964843304681579,36.1724188316804,"live_trap","experienced","winter",60,1,1,8
52,"juvenile","male",5.26218942610691,"forest",29.254085586113,34.7824176257434,"pitfall_trap","novice","summer",86,1,0,0
85,"adult","female",6.1767814742368,"forest",26.2059325391689,30.0100822399558,"live_trap","experienced","summer",54,1,0,0
126,"juvenile","male",7.07422328605817,"forest",8.04481298258101,50.9801509152591,"pitfall_trap","experienced","spring",75,1,0,0
148,"adult","male",6.3583661619799,"forest",15.252942619194,38.2769098936559,"pitfall_trap","experienced","fall",82,1,0,0
84,"adult","female",7.97831820287264,"edge",11.0191927026131,84.7527167359603,"pitfall_trap","novice","winter",85,1,0,0
73,"adult","male",6.65081695040922,"grassland",22.2746889198563,19.4918440093037,"pitfall_trap","experienced","summer",60,0,0,0
152,"adult","male",8.80338192626284,"forest",14.2986359745415,46.3778252794113,"live_trap","novice","spring",48,1,1,10
39,"adult","male",6.80065413149228,"forest",16.6878773494811,48.9381869291446,"pitfall_trap","experienced","fall",100,1,1,2
84,"adult","male",6.29327605972962,"forest",9.34071415271575,42.0678142959596,"live_trap","experienced","spring",48,1,0,0
144,"juvenile","male",7.2972516264191,"grassland",13.7063130029733,52.3579104633858,"live_trap","novice","fall",44,0,0,0
30,"juvenile","female",7.44187551164141,"grassland",12.3641774004966,57.4522889819359,"live_trap","novice","fall",92,1,0,0
124,"adult","male",3.773407614393,"grassland",28.0503164551227,35.3409835755681,"live_trap","experienced","summer",14,0,1,4
134,"juvenile","female",5.39075077993154,"grassland",11.7741392020155,58.6687898788285,"live_trap","novice","fall",43,1,0,0
66,"juvenile","male",9.11806557937629,"grassland",12.2244391231766,40.6804146412803,"live_trap","experienced","fall",40,1,1,19
65,"adult","female",6.08017699823067,"grassland",15.146355511861,51.5401942536443,"live_trap","novice","spring",39,1,0,0
119,"adult","female",5.03908175653746,"grassland",30.2979889522637,32.9554436058735,"live_trap","novice","summer",19,0,0,0
86,"adult","male",4.50145932215552,"forest",22.9649621886965,36.5482726009313,"pitfall_trap","experienced","fall",93,1,0,0
73,"adult","male",6.67048456268716,"grassland",15.5910255961425,29.9285549438238,"live_trap","experienced","summer",12,1,1,13
22,"juvenile","male",6.70446875660699,"forest",12.6055575297758,56.4878054905858,"live_trap","novice","winter",87,0,0,0
130,"juvenile","female",6.54898174931825,"forest",11.9375453116705,47.6053716305349,"pitfall_trap","experienced","fall",50,0,1,10
141,"juvenile","male",6.37854654863309,"grassland",7.67175652063496,78.8793899626231,"live_trap","experienced","winter",34,0,1,9
104,"adult","female",5.79613020217929,"edge",17.241635590912,25.9249937541831,"live_trap","experienced","summer",42,0,0,0
186,"adult","male",7.12254537710626,"edge",12.1700703745248,85.8571574437006,"live_trap","experienced","spring",27,0,0,0
56,"adult","male",6.43650394256846,"grassland",9.55415521679254,56.6835369808104,"live_trap","experienced","spring",61,0,0,0
116,"adult","female",3.40835292434347,"edge",12.31931554742,41.0601957314428,"live_trap","experienced","spring",82,1,0,0
7,"juvenile","female",6.67480232438368,"forest",10.7078106428105,93.4655061261,"live_trap","experienced","spring",22,1,0,0
69,"juvenile","female",7.00323383425226,"edge",25.5907621017425,13.4823049809343,"pitfall_trap","experienced","summer",56,0,0,0
200,"adult","male",7.39628525431007,"edge",29.9272284288026,14.3017222606477,"live_trap","experienced","summer",42,1,1,6
153,"adult","female",5.15690337496415,"edge",16.6721217365567,79.3104740686601,"live_trap","experienced","winter",80,0,0,0
136,"adult","male",6.41412286158245,"forest",29.6996264923448,27.9996488003925,"live_trap","experienced","summer",21,0,0,0
193,"juvenile","female",10,"grassland",12.9682764242702,44.7647904523665,"live_trap","novice","spring",85,1,0,0
157,"juvenile","female",5.68577522036479,"forest",11.2172985859765,81.8013826527108,"pitfall_trap","experienced","spring",58,1,0,0
197,"juvenile","male",6.61999044668997,"forest",18.3761403159636,49.8048175105642,"live_trap","experienced","fall",67,0,1,2
197,"juvenile","female",5.94672185414534,"forest",23.1641340575357,32.2057997475699,"pitfall_trap","experienced","summer",60,1,0,0
109,"adult","male",6.47840174137373,"forest",23.742215865593,20.8730521149914,"live_trap","novice","summer",34,0,1,3
93,"adult","female",8.51632202711852,"forest",12.6521334031658,62.1730227499701,"live_trap","novice","spring",30,0,1,46
58,"juvenile","male",5.65930488631829,"grassland",24.1474807048413,15.4224052306771,"live_trap","novice","summer",95,0,1,20
169,"juvenile","female",6.51587106457171,"forest",13.3489081588877,52.01939981931,"live_trap","experienced","spring",57,1,0,0
81,"juvenile","female",5.38620802925322,"forest",22.1013574677029,28.059856878901,"pitfall_trap","experienced","summer",77,0,0,0
94,"juvenile","male",6.64376556530527,"grassland",10.8246439766539,62.5468127248586,"pitfall_trap","experienced","spring",12,0,0,0
16,"adult","male",8.50383588333727,"forest",11.3172878714006,28.4979777588418,"live_trap","novice","fall",25,0,0,0
8,"adult","male",6.64121267966963,"forest",12.0776625109815,75.3354486884803,"live_trap","novice","spring",58,0,1,21
70,"juvenile","female",8.8298567510555,"grassland",2.16617244589542,67.4408620811733,"live_trap","novice","winter",97,0,0,0
71,"adult","female",4.20289903009905,"grassland",4.54685965206652,41.8911190216877,"pitfall_trap","novice","winter",39,0,0,0
161,"adult","female",6.03305257669023,"grassland",0.839571918312686,57.9861860508126,"live_trap","experienced","winter",44,0,1,3
61,"adult","male",5.36510071270738,"grassland",4.02499289019987,62.3004388396091,"live_trap","experienced","winter",55,0,0,0
56,"adult","male",5.88083988785859,"forest",6.64819428976241,84.3530697906043,"live_trap","novice","winter",65,0,0,0
107,"juvenile","female",8.83365950667036,"grassland",4.7312946961848,92.5422720100299,"pitfall_trap","novice","winter",55,1,0,0
130,"juvenile","male",2.14332677853719,"edge",14.8486172572714,54.5535615238609,"pitfall_trap","novice","fall",50,0,1,4
63,"adult","male",7.33230780804397,"forest",23.3975292682476,34.2429093542179,"pitfall_trap","experienced","summer",87,0,1,19
102,"adult","female",4.12429629585794,"forest",3.63962550788523,74.8661984881156,"live_trap","experienced","winter",42,0,1,4
10,"adult","female",4.4050973534397,"grassland",32.2088886323383,29.4209904770646,"live_trap","novice","summer",88,0,0,0
80,"adult","female",3.17431813837193,"grassland",15.8422121069662,53.2758593340016,"live_trap","novice","spring",89,1,0,0
177,"juvenile","male",4.83233739196173,"forest",23.7291057533163,23.4988122854358,"live_trap","experienced","summer",25,0,1,7
111,"juvenile","male",5.66486332641674,"forest",24.133545266379,23.4016735082858,"live_trap","experienced","summer",73,0,0,0
73,"adult","male",5.30436318054316,"grassland",13.2515187987307,39.1026446033611,"live_trap","novice","spring",17,1,0,0
81,"juvenile","male",6.46178377478817,"grassland",17.447047540734,47.6717735828012,"live_trap","novice","spring",41,1,0,0
150,"adult","female",4.77467614659832,"edge",24.556900880291,28.4044433252723,"live_trap","experienced","summer",53,0,0,0
56,"adult","male",6.36013758817593,"forest",13.5280290192918,28.5062422115485,"pitfall_trap","experienced","fall",41,1,0,0
125,"juvenile","male",5.95337174046474,"forest",10.4626943364413,77.5382869846129,"live_trap","experienced","spring",58,1,0,0
78,"juvenile","female",7.43326877439147,"forest",10.2832725669185,61.6361811928655,"live_trap","novice","spring",83,0,0,0
41,"adult","male",7.30567303903957,"edge",17.1387268615416,44.9388563225869,"live_trap","experienced","summer",31,0,0,0
137,"adult","female",4.9015971502451,"forest",2.73500086706445,88.79090890101,"live_trap","experienced","winter",34,0,0,0
2,"adult","male",7.46647131890746,"forest",6.92987534253792,107.521550889337,"live_trap","experienced","winter",26,1,0,0
45,"juvenile","female",5.7780274436975,"grassland",8.83415544488431,45.4482977090639,"live_trap","experienced","spring",74,0,0,0
77,"adult","female",7.32813055970259,"forest",27.9899425286419,25.7127207730529,"live_trap","experienced","summer",35,1,0,0
3,"juvenile","male",6.24707838834773,"forest",11.4141546010117,64.8396052506886,"live_trap","experienced","spring",58,1,0,0
59,"juvenile","male",6.54813742741127,"forest",8.14920212005604,58.8490743180609,"live_trap","novice","spring",38,0,0,0
92,"adult","female",4.50918950534328,"edge",14.8157193925986,59.0707638780326,"live_trap","novice","fall",34,0,0,0
63,"adult","male",6.8700043536125,"forest",9.08801027099664,71.1453328682761,"live_trap","novice","spring",93,1,0,0
73,"adult","male",5.64403529574363,"grassland",8.12296143104443,57.7398793621259,"live_trap","experienced","spring",79,0,1,10
183,"adult","female",2.86213150883247,"forest",22.445224767208,39.3653032149499,"live_trap","experienced","fall",22,0,0,0
24,"juvenile","male",1.48017821291106,"forest",5.36609427508043,68.2007391365599,"pitfall_trap","novice","winter",93,0,0,0
186,"adult","female",8.96093691425208,"edge",15.6931519560577,82.5848225611559,"pitfall_trap","novice","winter",39,1,0,0
189,"adult","female",8.06022055183259,"grassland",10.5094804710401,35.5397501083445,"live_trap","novice","spring",63,0,0,0
123,"adult","male",6.76024449601317,"forest",12.4691234009056,80.3193565519885,"live_trap","novice","spring",45,1,1,6
189,"adult","female",7.24953388407605,"grassland",28.1575593263277,24.707424435617,"pitfall_trap","novice","summer",57,0,0,0
55,"adult","male",7.56741836674487,"forest",12.8994865053189,51.0325554775932,"live_trap","experienced","spring",75,0,0,0
140,"adult","male",6.81288551334821,"grassland",15.2140966754818,65.5366582546238,"live_trap","experienced","fall",97,0,0,0
71,"adult","male",6.88568439960925,"forest",0,54.225313549568,"live_trap","novice","winter",92,0,0,0
75,"juvenile","female",7.31978158838529,"edge",5.77053293842165,89.6705652126963,"pitfall_trap","experienced","winter",60,0,0,0
34,"adult","male",10,"forest",29.2617519794417,37.92994145843,"pitfall_trap","novice","summer",89,0,0,0
13,"juvenile","female",7.30421327615195,"forest",26.6677261066926,19.9263634652637,"live_trap","experienced","summer",66,0,0,0
73,"adult","female",5.75010960159097,"forest",12.7310062769796,48.006255966443,"pitfall_trap","novice","spring",14,0,1,6
38,"adult","female",7.76556090015132,"edge",11.6411935687831,61.5914580620795,"pitfall_trap","novice","spring",66,0,1,2
144,"juvenile","male",4.44691380576645,"edge",14.4087310088544,53.8269681766736,"live_trap","experienced","fall",64,1,0,0
155,"adult","female",4.45724677777923,"forest",22.3298071354651,26.6113296211736,"live_trap","experienced","summer",78,0,1,6
44,"adult","female",5.28234219257804,"forest",8.2576731147151,96.9060155884663,"live_trap","novice","winter",82,1,0,0
89,"juvenile","male",4.4980685560251,"forest",13.9377089724396,50.2740230454188,"live_trap","experienced","fall",40,0,0,0
112,"juvenile","male",6.08167278702394,"forest",8.96499691163051,108.05304253409,"pitfall_trap","experienced","winter",54,0,0,0
62,"adult","female",7.26210751715522,"grassland",26.1251948585598,16.0308502329092,"live_trap","experienced","summer",73,0,0,0
182,"adult","female",3.54974610391479,"edge",16.7159856973265,47.3476126449759,"live_trap","novice","fall",89,0,0,0
107,"juvenile","male",6.59109278552102,"forest",13.0282466452684,59.4995809261555,"live_trap","experienced","fall",57,0,0,0
61,"adult","female",5.93721511729154,"grassland",12.6104735061059,50.2485455638297,"pitfall_trap","novice","spring",99,0,0,0
26,"adult","female",6.11772500742237,"forest",16.5370869879825,69.966995690133,"pitfall_trap","novice","spring",82,1,0,0
71,"adult","female",7.67800962843404,"forest",23.5143535067429,26.109738586117,"live_trap","novice","summer",88,0,0,0
181,"adult","male",6.37248428581029,"forest",2.96917414277353,56.3735454669952,"pitfall_trap","novice","winter",41,0,0,0
190,"adult","male",6.35870199272725,"forest",5.81402301663974,84.6068514917899,"live_trap","experienced","winter",53,1,1,10
171,"juvenile","female",6.98436059623006,"forest",0,64.8348113341259,"live_trap","experienced","winter",73,1,0,0
189,"adult","female",6.47698888419408,"forest",24.2666066151743,32.18108966493,"pitfall_trap","experienced","summer",26,1,1,20
84,"adult","male",4.33698639472886,"forest",37.0858725336253,22.0634073159294,"live_trap","novice","summer",44,0,0,0
145,"adult","female",4.71887049858702,"forest",1.91812750407884,68.4281809517301,"live_trap","experienced","winter",92,1,0,0
13,"juvenile","male",6.73848380124994,"grassland",6.90880716368736,48.5892021771585,"live_trap","experienced","winter",30,1,0,0
134,"juvenile","male",6.3107294910896,"forest",12.522089801663,72.2360199288417,"pitfall_trap","novice","spring",49,0,0,0
99,"juvenile","male",6.02539835062477,"grassland",11.3641266340445,50.1803399313704,"live_trap","experienced","spring",77,0,1,13
119,"adult","male",7.15266727949054,"edge",15.2718089486335,52.9949259417611,"pitfall_trap","novice","spring",80,0,1,25
179,"adult","female",4.60040872149445,"forest",2.7588153498147,41.7662341268496,"live_trap","experienced","winter",86,0,1,12
3,"juvenile","male",6.28730255903254,"forest",27.3572218875384,21.1056887671686,"live_trap","experienced","summer",80,1,0,0
140,"adult","male",4.67138211715961,"forest",19.2130526375655,35.0973726767825,"pitfall_trap","experienced","fall",88,1,1,16
82,"adult","male",7.45035361947923,"grassland",3.88531138613448,60.7761910890035,"pitfall_trap","experienced","winter",42,1,0,0
143,"adult","female",7.08188792765266,"grassland",6.99934634329672,72.6986381381964,"pitfall_trap","novice","winter",21,1,0,0
100,"adult","female",5.08447700315607,"edge",0,62.3832828001331,"live_trap","novice","winter",28,0,1,13
7,"juvenile","male",3.99368545712477,"forest",14.6784247286944,24.0658399094258,"live_trap","novice","summer",47,0,0,0
34,"adult","male",8.62376491638065,"grassland",17.9121889632242,60.0640924087923,"live_trap","experienced","fall",76,0,0,0
58,"juvenile","female",5.65210562928439,"forest",10.9914692763301,85.1743156435199,"live_trap","experienced","winter",31,1,0,0
94,"juvenile","female",5.60308448857575,"edge",23.2024175072189,28.3886030361663,"pitfall_trap","novice","summer",42,0,0,0
154,"juvenile","female",6.46004939182549,"grassland",22.430036582432,49.1475259203802,"pitfall_trap","experienced","fall",53,0,0,0
13,"juvenile","female",6.95740740658917,"forest",23.7773731944213,36.4750479111569,"pitfall_trap","novice","summer",14,1,0,0
117,"juvenile","male",6.2041519385603,"grassland",17.0607111428464,28.9654247175815,"live_trap","experienced","fall",86,0,0,0
46,"juvenile","male",6.46572263172095,"grassland",33.126896623449,34.325863502922,"live_trap","experienced","summer",63,0,0,0
111,"juvenile","female",6.7556484541013,"forest",14.2139031072704,38.2877590727916,"pitfall_trap","experienced","fall",73,1,0,0
165,"adult","female",5.59382265243487,"forest",0,80.8323954410513,"live_trap","experienced","winter",64,0,1,8
40,"juvenile","female",6.80355926442617,"edge",29.519755992916,31.5057645893227,"live_trap","novice","summer",95,1,1,10
2,"adult","male",5.62940088596384,"forest",25.9050986407122,17.9241316682611,"live_trap","experienced","summer",11,1,0,0
49,"juvenile","female",7.44335122666176,"forest",1.77763901271982,65.8653566374652,"live_trap","novice","winter",38,0,0,0
122,"adult","male",6.47532139446395,"forest",7.99457472956761,28.1489743544833,"live_trap","novice","winter",31,0,1,8
26,"adult","female",10,"forest",9.72190539912046,37.8935237058107,"live_trap","novice","spring",99,1,0,0
3,"juvenile","female",4.94533768528283,"edge",4.61321326626625,53.8023218717975,"pitfall_trap","novice","fall",20,1,0,0
11,"adult","female",8.25123124246808,"edge",1.97460623867319,72.0468404561274,"live_trap","novice","winter",82,1,0,0
92,"adult","male",7.19955587361407,"edge",19.9420332342463,56.9506072822848,"live_trap","experienced","fall",80,1,0,0
178,"adult","male",5.91652498619319,"grassland",0.652716307645459,51.5716823127691,"live_trap","novice","winter",70,0,0,0
127,"adult","male",4.66370210933709,"grassland",13.9595584855172,54.0048152283007,"live_trap","experienced","fall",28,0,0,0
52,"juvenile","female",6.00310577985979,"forest",19.6785042723678,32.1500379902333,"pitfall_trap","experienced","summer",79,0,0,0
95,"adult","male",5.14546839006899,"forest",25.5379008296275,4.64989104425901,"live_trap","experienced","summer",51,0,1,20
51,"adult","female",6.8820296295356,"forest",27.6674355212827,30.4636529860357,"live_trap","experienced","summer",95,1,0,0
49,"juvenile","male",6.38844531922047,"edge",13.6811540919821,55.580831596252,"live_trap","novice","fall",96,1,0,0
39,"adult","female",5.30501845101663,"forest",35.7334478919491,11.895361010812,"live_trap","experienced","summer",37,0,0,0
156,"juvenile","male",7.64381593957321,"forest",13.3026735509964,86.7021693270221,"live_trap","experienced","winter",56,0,0,0
47,"adult","female",4.1729310080315,"edge",1.61685375450116,86.259108819236,"live_trap","experienced","winter",90,0,1,27
34,"adult","female",8.08301443162481,"grassland",2.98793986339841,101.161746730741,"live_trap","experienced","winter",38,0,0,0
175,"adult","female",6.49887823088282,"forest",12.9384664234816,70.6839670775662,"live_trap","experienced","spring",49,0,0,0
131,"juvenile","female",5.84496914906008,"grassland",9.04988827640105,69.4847317827689,"live_trap","experienced","winter",14,0,0,0
112,"juvenile","female",5.4776952098146,"forest",18.8046133723026,69.1375878821846,"live_trap","experienced","spring",52,0,0,0
122,"adult","male",5.08156670800908,"forest",0,72.0847749796984,"live_trap","experienced","winter",96,1,0,0
136,"adult","female",6.12091249705154,"forest",13.7635125418605,83.868273148163,"live_trap","experienced","spring",93,1,0,0
11,"adult","female",8.56591622713952,"edge",18.9773751258766,65.8364461212567,"pitfall_trap","novice","fall",50,1,0,0
136,"adult","male",4.30020546245574,"grassland",19.0532657555251,39.9983560632717,"pitfall_trap","novice","fall",73,1,1,9
117,"juvenile","male",7.93148673041676,"forest",10.2536088757841,59.9597657676796,"live_trap","experienced","winter",92,1,1,20
106,"juvenile","male",7.74481091856534,"edge",14.265636065613,46.8602228864953,"live_trap","experienced","fall",27,0,1,5
132,"juvenile","male",4.92176849527316,"edge",10.5113682791928,84.9704707228576,"live_trap","experienced","spring",18,1,1,10
95,"adult","male",7.91768013396228,"forest",9.98513623312513,85.8964810518674,"live_trap","experienced","spring",51,0,1,10
118,"juvenile","male",6.01942588882443,"edge",15.6816153714451,54.0195276374496,"pitfall_trap","novice","fall",47,0,1,10
6,"juvenile","male",6.10061976537778,"grassland",10.5742020036201,62.8571315170607,"live_trap","experienced","fall",27,1,0,0
108,"juvenile","female",5.53082939150611,"forest",9.06182303666995,91.3424298110637,"pitfall_trap","novice","spring",39,0,0,0
134,"juvenile","female",7.25878442262773,"forest",3.59169194980365,80.3583046478043,"live_trap","experienced","winter",72,0,0,0
139,"adult","male",4.74039691427229,"grassland",16.490745115732,21.7256482854534,"live_trap","novice","summer",39,0,0,0
110,"adult","male",6.46753750863018,"forest",12.5010356873014,50.7384319046119,"live_trap","experienced","fall",68,0,0,0
19,"adult","male",8.87829115174308,"forest",6.61346475017614,76.9138012398843,"pitfall_trap","experienced","winter",75,1,1,11
81,"juvenile","male",6.31978626855253,"grassland",0,92.6095635073876,"pitfall_trap","novice","winter",40,0,0,0
63,"adult","female",5.65396458977396,"edge",27.6268898401665,29.6028856181641,"live_trap","experienced","summer",66,0,1,11
73,"adult","female",5.60142357430165,"edge",11.3160445531594,83.4626403133247,"pitfall_trap","experienced","fall",16,1,1,10
46,"juvenile","female",8.66243544404967,"forest",12.9971238458352,78.787165918302,"live_trap","novice","spring",51,0,0,0
90,"juvenile","female",2.01350638319786,"grassland",22.3859612550682,14.6310345019424,"live_trap","novice","summer",57,1,0,0
178,"adult","female",5.81863048969756,"forest",22.019495306081,37.8895085913477,"live_trap","novice","summer",17,1,0,0
166,"adult","female",4.68242755634047,"edge",16.5033507773514,62.8400501423739,"live_trap","experienced","fall",24,0,0,0
11,"adult","female",4.17809539928833,"grassland",32.0463786122125,23.9606721229666,"live_trap","novice","summer",94,0,0,0
146,"juvenile","female",7.08978848889894,"forest",14.2257101761844,64.3266073554317,"live_trap","experienced","winter",53,1,1,17
162,"adult","male",5.96843749804588,"grassland",25.7997389977043,37.9498040382692,"live_trap","experienced","summer",46,1,0,0
147,"adult","male",6.89349698920109,"forest",13.6446327036227,56.7693007082665,"live_trap","novice","spring",20,0,0,0
148,"adult","female",4.74872299659569,"forest",13.7756503267007,51.1169336755227,"live_trap","experienced","summer",73,0,0,0
170,"adult","female",5.68839286484361,"grassland",15.0860317748765,59.2515998281505,"live_trap","experienced","spring",15,0,1,4
152,"adult","female",5.85539401716497,"grassland",14.3675811105017,56.7928370422742,"live_trap","experienced","spring",69,1,1,13
107,"juvenile","male",3.36614040486134,"forest",26.458615866804,19.2616330764436,"live_trap","novice","summer",94,0,0,0
64,"adult","male",6.14759386178409,"forest",15.8054814957588,70.9062766954885,"live_trap","novice","fall",49,0,1,10
25,"juvenile","male",6.06076628473658,"grassland",10.2198446272061,59.7628139444926,"pitfall_trap","novice","winter",85,0,0,0
44,"adult","male",4.89563462623456,"forest",1.7840072248743,58.608732350303,"live_trap","experienced","winter",94,0,1,19
174,"adult","male",6.92245551067633,"grassland",22.9647103748822,20.2655035750562,"live_trap","experienced","summer",91,0,0,0
37,"adult","female",6.24053542911981,"edge",6.64402235195656,82.4343054592837,"pitfall_trap","experienced","winter",64,1,0,0
25,"juvenile","male",5.63534742814633,"forest",14.8954111371784,37.8488964272448,"live_trap","experienced","fall",54,0,1,10
30,"juvenile","male",7.95625537661618,"edge",14.5612974453792,49.7035791584337,"live_trap","novice","fall",29,0,0,0
150,"adult","male",8.57688893295875,"edge",26.9685977544415,32.5199960445189,"live_trap","novice","summer",29,1,0,0
3,"juvenile","female",5.74794475839734,"grassland",0,63.1717896149637,"pitfall_trap","experienced","winter",87,0,1,6
187,"adult","male",4.49348469889273,"edge",20.8902350747548,54.6536726789004,"live_trap","novice","fall",68,1,1,13
50,"adult","male",6.375573472642,"forest",9.35168165714421,56.2946515374194,"live_trap","novice","spring",58,0,0,0
136,"adult","male",6.68957051218883,"grassland",12.5605556049674,87.693676914029,"pitfall_trap","experienced","spring",14,0,1,23
102,"adult","female",7.93783561158947,"grassland",11.5090828460207,23.4479208009888,"live_trap","experienced","spring",66,0,0,0
120,"adult","female",8.72656165627234,"forest",11.7350832576406,59.9170562896226,"live_trap","novice","spring",20,1,1,2
170,"adult","male",6.85067810401216,"grassland",16.2220249659532,43.3023779626077,"pitfall_trap","experienced","fall",85,0,1,10
164,"juvenile","male",4.45325916352984,"forest",24.4575085731406,39.2381152542584,"pitfall_trap","experienced","summer",82,0,0,0
87,"juvenile","male",6.02205454949545,"edge",15.1202611131071,41.8088555647974,"live_trap","experienced","fall",15,1,0,0
124,"adult","male",3.57330072559883,"forest",6.20924454737892,20.4082962642771,"live_trap","experienced","winter",70,0,1,20
111,"juvenile","male",5.66391297603407,"grassland",21.5408907762341,53.1791526017834,"live_trap","experienced","fall",72,0,0,0
183,"adult","female",7.19743711869872,"forest",14.5555845240709,50.805373680368,"live_trap","experienced","fall",63,1,0,0
200,"adult","male",7.5081290202414,"grassland",0,57.824144999285,"live_trap","novice","winter",58,0,0,0
78,"juvenile","male",7.29792364296811,"forest",13.4231356703734,38.122685707596,"pitfall_trap","experienced","fall",40,0,0,0
72,"adult","male",7.61882964030143,"grassland",15.0782270159301,38.6204386696379,"pitfall_trap","experienced","summer",65,0,0,0
113,"juvenile","female",9.78089323537239,"forest",17.7532679291523,58.2827211577287,"live_trap","novice","spring",57,0,1,19
27,"juvenile","female",5.0247269017968,"grassland",14.3161657732814,33.2937741225719,"live_trap","novice","spring",96,0,0,0
7,"juvenile","female",6.10290248817783,"edge",13.8245381153894,63.5082481402751,"pitfall_trap","novice","spring",93,0,1,3
8,"adult","female",6.7322690103399,"forest",16.4033342027943,40.2092826870478,"live_trap","experienced","fall",67,1,1,5
165,"adult","male",6.05711609054141,"edge",10.9656172728525,74.7155509260721,"pitfall_trap","experienced","winter",41,1,0,0
29,"juvenile","male",4.0497849985425,"grassland",15.0205855618159,54.1969370884101,"live_trap","novice","spring",67,0,1,22
76,"juvenile","male",3.87874798438791,"edge",5.68662336823525,81.0498832640485,"pitfall_trap","experienced","spring",82,0,1,4
36,"adult","female",10,"grassland",19.7895973077174,31.995370085058,"pitfall_trap","novice","summer",92,0,1,19
172,"adult","female",7.5118976637299,"forest",19.8366145500239,43.6972769684422,"live_trap","novice","fall",84,1,0,0
96,"juvenile","male",6.7484239478227,"edge",13.3445471859543,88.885919997167,"live_trap","novice","spring",87,0,0,0
94,"juvenile","female",5.40982441711615,"grassland",30.9505637583932,38.2398305228603,"pitfall_trap","novice","summer",99,1,0,0
22,"juvenile","male",4.95705759525906,"forest",33.9009202818798,19.874374145114,"pitfall_trap","novice","summer",14,1,0,0
154,"juvenile","male",6.12351086026464,"forest",16.9559571006244,71.1301203039317,"pitfall_trap","experienced","fall",74,0,1,2
115,"adult","female",5.28668775272043,"forest",7.59261905117549,59.7960878886137,"live_trap","novice","winter",57,1,0,0
37,"adult","female",5.28990805727171,"forest",15.2492381319557,81.5162295512557,"live_trap","experienced","fall",61,0,0,0
12,"adult","female",6.74391690710385,"forest",1.44449063792159,68.9919622540409,"pitfall_trap","novice","winter",44,0,0,0
188,"adult","male",5.45137182280965,"grassland",22.4247845174323,47.7330135422172,"pitfall_trap","novice","fall",63,0,1,9
76,"juvenile","male",6.75181526621948,"grassland",18.955640698037,16.514829889905,"live_trap","experienced","summer",44,0,1,29
128,"juvenile","female",6.28079900351809,"grassland",23.3820021883726,22.8185640354673,"pitfall_trap","experienced","summer",71,1,0,0
128,"juvenile","male",5.67369547375745,"grassland",33.2429510330135,24.6799645615092,"live_trap","experienced","summer",53,0,0,0
26,"adult","male",6.86548175811774,"forest",3.05625698743687,89.8210813005699,"live_trap","experienced","winter",22,1,0,0
90,"juvenile","female",5.2662050715113,"forest",13.631077388928,63.3077156078105,"live_trap","experienced","spring",45,0,0,0
36,"adult","female",5.24396682953412,"grassland",7.98699787088103,65.5466157151844,"live_trap","novice","spring",82,0,0,0
136,"adult","male",6.45766541378489,"forest",12.4848389567075,48.1376759938444,"live_trap","experienced","fall",33,1,0,0
31,"juvenile","male",4.38240368882486,"forest",4.91580451773343,45.4645623183882,"live_trap","experienced","winter",28,1,0,0
135,"juvenile","female",4.98934062585521,"forest",6.40925881259986,59.0966628683786,"live_trap","novice","winter",75,1,1,8
154,"juvenile","male",2.36404913015256,"edge",16.0759657764082,24.7220489430085,"live_trap","novice","summer",13,0,0,0
114,"juvenile","female",5.85958470194975,"forest",2.12293499595543,62.5657495700787,"pitfall_trap","experienced","winter",94,1,1,5
51,"adult","male",3.38231275861469,"grassland",11.0977571080573,56.8638481771014,"pitfall_trap","novice","fall",64,0,0,0
81,"juvenile","female",5.33558113941341,"edge",9.43356895557183,30.1819116568267,"live_trap","experienced","fall",13,0,0,0
115,"adult","female",7.84549970045008,"forest",16.9838258592068,36.8786832226354,"live_trap","novice","fall",36,1,0,0
6,"juvenile","female",5.79367843190307,"grassland",28.1342039095943,38.0897672611307,"live_trap","experienced","summer",75,0,1,12
166,"adult","male",5.45273942502674,"forest",10.3559069712915,62.223002084287,"live_trap","experienced","spring",97,0,1,12
72,"adult","male",6.01193992335315,"forest",2.12712923991458,81.990418621851,"live_trap","experienced","winter",19,0,1,6
76,"juvenile","female",6.39810094428076,"edge",5.95612363442962,69.5148710523548,"live_trap","experienced","winter",51,0,0,0
80,"adult","female",7.21066425219856,"forest",3.2402096436954,72.9720985248717,"live_trap","novice","winter",73,0,1,3
184,"juvenile","female",8.60279622520149,"forest",23.4121708975336,31.6172179922298,"pitfall_trap","novice","summer",39,0,0,0
44,"adult","female",6.39216330887921,"forest",13.8284914857553,66.860056992539,"live_trap","experienced","spring",11,0,0,0
162,"adult","female",5.71015726528547,"edge",13.3271639008226,85.6512520283084,"live_trap","experienced","spring",82,1,0,0
171,"juvenile","male",5.89266825324556,"grassland",10.9291811530582,56.7835357272705,"live_trap","experienced","spring",41,0,0,0
164,"juvenile","female",7.91361932424255,"grassland",4.98915649938835,50.0797333678108,"live_trap","experienced","winter",12,0,0,0
125,"juvenile","male",6.41587515226018,"forest",9.45353127173335,75.1108035547047,"live_trap","experienced","spring",47,0,0,0
149,"adult","female",6.29905627130847,"forest",11.8894528511339,79.2027881753101,"live_trap","experienced","spring",94,1,0,0
187,"adult","male",6.90908918383761,"edge",20.1171248859432,40.6613600657782,"live_trap","experienced","fall",14,1,0,0
124,"adult","male",6.21091341395644,"grassland",13.4355543444746,74.1153699889608,"live_trap","experienced","spring",16,0,0,0
102,"adult","male",5.01632599423025,"forest",13.0636122525857,43.0197870401456,"live_trap","experienced","fall",48,0,0,0
116,"adult","male",5.03001368067341,"grassland",12.2523393949411,60.383006564267,"live_trap","experienced","winter",54,0,0,0
93,"adult","male",7.14275170823007,"forest",13.4694930523114,46.1830957620967,"pitfall_trap","experienced","spring",32,0,1,3
187,"adult","male",6.54566776950862,"forest",12.3369545686389,32.551178175574,"live_trap","experienced","fall",28,0,0,0
191,"adult","female",5.88118479258782,"forest",11.4087094630874,63.312605200223,"live_trap","experienced","spring",40,0,0,0
137,"adult","female",7.42330217253919,"forest",15.0509173914461,54.1016151690623,"live_trap","novice","fall",73,1,0,0
48,"juvenile","male",4.74097887026617,"grassland",29.0459870504269,23.506387803565,"live_trap","experienced","summer",78,0,1,9
18,"juvenile","female",5.13334460496022,"grassland",33.4945967268028,41.3095194550141,"live_trap","novice","summer",99,1,0,0
166,"adult","male",5.54076908513239,"forest",8.90447885118171,65.9300025012282,"pitfall_trap","novice","spring",51,1,0,0
94,"juvenile","female",8.92366613961097,"edge",17.5798391708294,58.9221071409936,"pitfall_trap","novice","fall",55,0,1,8
88,"juvenile","male",4.15714377351909,"forest",23.7498038184176,18.2681552757928,"pitfall_trap","experienced","summer",28,1,0,0
90,"juvenile","female",5.6570145444456,"edge",18.5169911865248,29.7779338140033,"live_trap","experienced","summer",77,1,0,0
134,"juvenile","male",6.17241330203634,"forest",14.422356138345,48.2754874701591,"live_trap","experienced","fall",58,0,0,0
5,"adult","male",7.30714409377165,"forest",3.48987661286846,48.5204557637134,"live_trap","experienced","winter",55,1,0,0
150,"adult","female",9.09711272014956,"edge",5.50882935403063,46.5144992956264,"live_trap","novice","winter",38,0,1,9
87,"juvenile","female",6.24098370071281,"grassland",0,34.1061878531633,"pitfall_trap","experienced","winter",63,0,0,0
52,"juvenile","male",5.6639740283401,"forest",12.5649159568189,66.1303977420105,"pitfall_trap","experienced","fall",35,1,0,0
158,"adult","female",5.3903580276136,"forest",14.0915575933882,59.5661973078771,"live_trap","novice","spring",32,0,1,13
30,"juvenile","female",5.47660538323841,"forest",25.8318891322509,33.3023232367737,"pitfall_trap","novice","summer",71,1,0,0
165,"adult","female",5.14778236957203,"grassland",18.7609471728702,40.1636914631987,"pitfall_trap","novice","summer",64,0,0,0
6,"juvenile","male",7.34919754785248,"edge",21.1698969767498,61.9821028727997,"pitfall_trap","experienced","fall",96,1,0,0
60,"adult","male",6.256557909734,"forest",15.9249005008939,42.5782108083632,"pitfall_trap","novice","fall",31,0,1,16
35,"juvenile","female",5.82039231011903,"grassland",21.8885532765022,34.9617547969031,"pitfall_trap","experienced","summer",60,0,0,0
26,"adult","male",5.23573550215249,"edge",13.4944413512686,19.0603968747416,"live_trap","experienced","summer",58,0,0,0
191,"adult","female",9.27096562052971,"forest",5.68861232288678,89.670267106653,"pitfall_trap","novice","winter",11,0,1,13
28,"adult","female",6.37940462981415,"edge",5.15139242431532,77.5443789060731,"live_trap","experienced","winter",84,1,0,0
189,"adult","male",7.9022100728892,"forest",7.07164473018616,68.3552869915042,"pitfall_trap","experienced","winter",48,0,0,0
190,"adult","female",6.10646859206692,"forest",22.9840893214878,32.9907105959927,"live_trap","experienced","summer",93,0,1,12
134,"juvenile","male",5.70748830345581,"forest",16.0581208870182,38.5623235375341,"pitfall_trap","experienced","fall",61,0,0,0
168,"adult","male",5.55707046777544,"forest",7.76817910886558,87.0670557050031,"pitfall_trap","experienced","winter",81,1,0,0
104,"adult","male",5.94589554720749,"edge",8.02761029491033,78.0279981784061,"live_trap","experienced","spring",55,1,0,0
145,"adult","male",6.53162599193799,"edge",14.3329965352458,73.1618044526244,"live_trap","experienced","fall",91,1,1,18
119,"adult","female",6.13084286568407,"forest",25.6640457708048,28.1515679359436,"live_trap","experienced","summer",77,0,1,3
192,"adult","male",5.10775278959999,"grassland",15.3786620992062,54.9605570100097,"live_trap","novice","fall",22,0,0,0
53,"adult","female",5.63921647867996,"edge",16.6663262540583,39.9332466322145,"live_trap","experienced","fall",35,0,1,8
194,"adult","female",6.68791148469145,"forest",19.2948101617503,33.8555843067402,"live_trap","experienced","fall",80,1,0,0
46,"juvenile","female",5.15862409666522,"grassland",10.0391568842147,75.4718371791364,"pitfall_trap","novice","winter",53,0,1,4
121,"juvenile","male",5.16221689807403,"grassland",11.9894956890523,31.4638106648985,"live_trap","novice","spring",32,1,0,0
88,"juvenile","male",5.38656324700577,"grassland",14.506623027991,42.7819652511784,"live_trap","experienced","fall",75,0,0,0
63,"adult","female",7.36577330881402,"grassland",19.3072097909652,42.8320947653718,"live_trap","novice","fall",68,0,1,17
81,"juvenile","male",9.72064263145075,"forest",10.2674396404848,45.6788913822195,"live_trap","novice","spring",70,0,0,0
78,"juvenile","male",4.57278022408602,"grassland",22.7226475023326,26.2209207621097,"pitfall_trap","experienced","summer",45,1,0,0
188,"adult","female",5.6127398915014,"forest",14.9985335342354,23.1341843242216,"live_trap","experienced","fall",31,0,1,15
14,"juvenile","female",3.92372951310715,"forest",23.295875675633,30.9424081942711,"live_trap","experienced","summer",26,0,0,0
165,"adult","male",6.62961397658387,"grassland",9.44549347924835,58.733079528347,"live_trap","novice","winter",59,0,0,0
161,"adult","male",7.23724363020346,"forest",28.724210053356,34.1411189931113,"live_trap","novice","summer",21,0,0,0
150,"adult","male",7.5741651636118,"grassland",21.4839360548799,32.9812242213082,"live_trap","novice","summer",76,1,1,20
37,"adult","male",8.91635723622202,"forest",19.4288111405849,45.6061285916538,"live_trap","novice","fall",24,1,0,0
86,"adult","male",6.88294991908439,"forest",3.46242399132109,80.8779706543826,"live_trap","novice","winter",56,1,1,7
170,"adult","male",5.48407537026988,"grassland",17.8210003289011,32.3305475192577,"live_trap","experienced","fall",14,1,1,14
183,"adult","male",5.49378379938123,"forest",22.4480470302361,48.7548697731683,"live_trap","experienced","fall",92,1,1,3
191,"adult","female",4.87823619629378,"grassland",4.99227178114021,94.8022317105883,"live_trap","experienced","winter",39,1,0,0
45,"juvenile","male",5.35056380197779,"grassland",28.1305117966093,41.7264318161809,"live_trap","experienced","summer",83,1,0,0
164,"juvenile","female",5.33758823648746,"forest",0.949764952001248,57.4923241853697,"pitfall_trap","experienced","winter",66,1,0,0
110,"adult","female",3.39023650877013,"edge",27.5125085044153,29.2054868398561,"live_trap","experienced","summer",75,0,0,0
107,"juvenile","male",6.75750851007787,"grassland",2.56167986636641,45.1037646601796,"live_trap","experienced","winter",90,0,1,13
7,"juvenile","female",5.70284163995986,"edge",13.3004051389789,50.8450607068441,"live_trap","novice","fall",22,1,0,0
148,"adult","male",6.66119079796539,"edge",28.3199579603354,33.9112702903059,"pitfall_trap","novice","summer",59,0,0,0
80,"adult","female",3.40575908510012,"edge",30.7389867254212,33.6004883974089,"pitfall_trap","novice","summer",31,1,0,0
67,"juvenile","male",8.47446589615638,"grassland",7.74123824094826,62.0068823621387,"live_trap","novice","spring",48,1,0,0
32,"adult","male",5.8588502423692,"edge",12.5686453704691,74.1155734925319,"live_trap","experienced","spring",75,0,1,20
129,"adult","female",5.58784161144337,"forest",26.0028705120164,23.7180486023744,"pitfall_trap","experienced","summer",14,1,0,0
167,"juvenile","female",7.40603743799897,"grassland",24.60847924797,47.0451424228521,"pitfall_trap","novice","summer",16,1,0,0
40,"juvenile","male",7.01366232358814,"grassland",25.7076376539752,29.1488394595528,"live_trap","experienced","summer",44,1,0,0
62,"adult","female",8.55681995673016,"forest",17.0436909438213,50.809515034149,"live_trap","experienced","spring",71,0,0,0
160,"juvenile","male",8.56129156453897,"forest",15.1293050064053,38.0192518209098,"live_trap","novice","spring",14,0,0,0
190,"adult","female",4.89438133512378,"grassland",34.7287772812985,35.4305925174422,"live_trap","experienced","summer",44,0,0,0
80,"adult","female",8.69356446069622,"forest",26.8189669147425,22.3284869995939,"live_trap","novice","summer",64,0,0,0
142,"adult","male",7.54508806791601,"forest",17.2440476679853,56.9749407225289,"live_trap","experienced","fall",65,1,0,0
27,"juvenile","female",4.62731316852126,"edge",2.15069019081862,66.4161782002575,"live_trap","experienced","winter",77,1,1,4
115,"adult","female",4.23545840184851,"forest",7.05930089644997,49.1219113469774,"live_trap","novice","winter",14,0,0,0
162,"adult","male",5.82903239067247,"forest",22.054385877024,58.1994964548911,"live_trap","experienced","fall",97,0,1,13
193,"juvenile","female",4.27623052152881,"forest",13.6149252492675,56.3803863075408,"live_trap","experienced","spring",86,0,0,0
144,"juvenile","male",6.69766515683617,"grassland",10.3011224438418,56.2377003282889,"live_trap","novice","winter",26,0,0,0
196,"adult","male",5.56359159747566,"forest",7.03710540715869,58.4426980237075,"pitfall_trap","experienced","spring",17,0,0,0
120,"adult","male",6.50579825620982,"forest",21.7560947292653,21.883197888627,"pitfall_trap","novice","summer",59,0,0,0
170,"adult","female",7.17056426554325,"grassland",28.8394806643307,19.7362130053012,"live_trap","novice","summer",17,1,0,0
11,"adult","male",5.17837760281609,"forest",9.8544338604461,53.8229261164596,"pitfall_trap","experienced","fall",38,1,0,0
165,"adult","male",6.83132934242744,"forest",11.4307870432398,34.5536624718195,"live_trap","experienced","spring",40,1,0,0
64,"adult","male",6.40411719552485,"grassland",11.616936863549,63.1082211743869,"pitfall_trap","experienced","fall",79,0,1,17
44,"adult","male",7.52345071833732,"edge",16.4633924832542,68.7542387796181,"pitfall_trap","experienced","spring",86,0,0,0
13,"juvenile","female",5.28804594910269,"forest",14.5817198866424,70.8928496008477,"live_trap","experienced","spring",30,1,1,26
182,"adult","male",6.35628313794486,"forest",10.7700353043748,59.201642495273,"live_trap","novice","spring",40,1,1,19
173,"adult","male",7.44509788610084,"grassland",12.0288112063276,49.4148419556023,"live_trap","experienced","spring",40,1,0,0
103,"juvenile","female",5.60137010716111,"forest",10.076701810611,101.275892959889,"live_trap","experienced","winter",64,0,0,0
56,"adult","male",5.7277089156665,"forest",12.9209506579475,39.9290296297587,"live_trap","novice","fall",87,0,0,0
188,"adult","female",6.93491463714359,"forest",0,48.5843082519129,"pitfall_trap","novice","winter",31,1,0,0
95,"adult","male",7.26092964046311,"forest",21.3072384446507,40.8532772329006,"live_trap","novice","fall",37,0,0,0
83,"adult","female",5.04782867288977,"grassland",13.6552253483588,85.7953230076603,"pitfall_trap","novice","spring",53,0,0,0
117,"juvenile","female",3.95414628057942,"grassland",5.46534983580167,73.6826490154794,"live_trap","experienced","spring",14,1,0,0
4,"adult","female",5.66145000588816,"forest",12.8835582070211,48.7569600160308,"live_trap","experienced","fall",87,0,0,0
3,"juvenile","male",3.95574574061075,"forest",29.2526112399231,39.7315095749758,"live_trap","novice","summer",85,1,0,0
8,"adult","female",5.37389616925941,"forest",18.8636390464123,31.4411867626086,"pitfall_trap","experienced","summer",25,1,0,0
121,"juvenile","female",6.11178000253533,"forest",14.1228227631477,60.7960172242009,"live_trap","experienced","fall",96,0,1,3
71,"adult","male",6.72540193841434,"forest",7.18144018976181,72.4715564312762,"live_trap","novice","winter",39,0,1,6
12,"adult","female",6.25443791666956,"grassland",4.27082883423006,61.8174340699049,"live_trap","experienced","winter",81,0,0,0
124,"adult","male",6.41223709736232,"edge",12.0833828351583,64.5380140249313,"live_trap","novice","spring",70,0,0,0
148,"adult","female",7.10973694851834,"grassland",5.80361274880711,71.3532570069416,"live_trap","experienced","winter",78,1,0,0
154,"juvenile","female",5.93548369269546,"edge",15.3281727601266,40.740511598533,"live_trap","experienced","fall",41,1,1,29
58,"juvenile","female",5.76000601745974,"grassland",19.8813922943575,26.7949006743597,"live_trap","experienced","summer",69,0,0,0
88,"juvenile","male",3.85899832983749,"forest",7.25786580310585,74.6358079322388,"pitfall_trap","novice","winter",45,0,0,0
45,"juvenile","female",5.66531605058193,"forest",28.1553145179506,29.8407082183202,"pitfall_trap","novice","summer",94,0,0,0
185,"juvenile","male",6.76798878539131,"forest",27.6974135988768,25.9233490562895,"live_trap","experienced","summer",38,0,0,0
65,"adult","male",6.09869841145151,"edge",4.78388590123293,83.1055144852016,"pitfall_trap","experienced","winter",76,0,0,0
2,"adult","female",4.58693745313937,"grassland",9.80462988027716,45.6677639522267,"pitfall_trap","experienced","spring",85,1,1,25
195,"juvenile","female",4.47384805714311,"edge",26.3164696035545,8.7750776372439,"pitfall_trap","experienced","summer",50,0,0,0
78,"juvenile","female",6.90543312194412,"edge",26.7401133790752,32.7799815194621,"pitfall_trap","experienced","summer",62,1,0,0
122,"adult","female",7.10745154360326,"edge",8.18441501821954,70.0863255385147,"pitfall_trap","experienced","winter",83,1,0,0
176,"juvenile","male",5.19521435686802,"edge",9.66376815572967,78.8397719072798,"live_trap","experienced","spring",100,0,0,0
180,"juvenile","male",6.60953907788579,"grassland",19.5153698592973,32.7832569954905,"live_trap","experienced","summer",77,0,0,0
107,"juvenile","female",5.57441878097642,"grassland",15.0565183986692,57.5657901152461,"pitfall_trap","experienced","fall",67,1,0,0
15,"adult","female",8.37874650329307,"forest",0.269942438999754,72.9172413906703,"live_trap","novice","winter",53,0,0,0
46,"juvenile","male",4.65574656792915,"grassland",25.0795187012232,68.38624778179,"live_trap","experienced","fall",21,0,0,0
94,"juvenile","male",7.76471406719982,"grassland",15.2240369205652,65.520737001637,"live_trap","experienced","fall",22,1,0,0
140,"adult","female",5.05534546956735,"grassland",14.6742882144524,54.4583221423948,"pitfall_trap","novice","summer",80,0,0,0
112,"juvenile","female",7.34791303924067,"edge",0,59.5160334424759,"live_trap","experienced","winter",56,0,0,0
90,"juvenile","female",7.54287880634547,"grassland",13.7530380639286,56.5669540711235,"live_trap","novice","winter",68,0,0,0
106,"juvenile","male",5.70210373408169,"forest",14.2717537086261,39.6063942990843,"live_trap","experienced","fall",45,0,1,4
65,"adult","female",5.60037947502512,"forest",14.8562483385206,70.3522137173907,"pitfall_trap","novice","spring",48,0,1,13
37,"adult","male",6.66059405909609,"grassland",0,80.715834061304,"pitfall_trap","novice","winter",32,1,0,0
131,"juvenile","female",4.50845952807811,"edge",24.4205130197823,32.8491238148715,"pitfall_trap","novice","summer",68,0,1,7
66,"juvenile","male",7.312116394014,"grassland",17.4353867654199,73.7232747093206,"live_trap","experienced","fall",92,0,0,0
109,"adult","male",7.59001559285974,"grassland",3.06694795735435,42.0987697068544,"live_trap","experienced","winter",46,1,0,0
78,"juvenile","female",4.98520254028768,"forest",9.09522410690432,53.6124083520134,"pitfall_trap","experienced","spring",61,0,1,10
126,"juvenile","female",5.6329131863322,"grassland",5.54565326618219,92.8984775409562,"pitfall_trap","novice","winter",47,0,1,2
197,"juvenile","female",7.59332719106888,"edge",20.2063540276935,64.9252208475736,"pitfall_trap","novice","fall",65,0,0,0
82,"adult","male",9.40957081806009,"edge",11.2256101584137,94.7336968639081,"live_trap","novice","spring",82,1,1,29
103,"juvenile","male",7.69121701052338,"edge",21.3294205774479,63.6416633847757,"live_trap","experienced","fall",14,0,1,7
93,"adult","male",5.49648758463371,"forest",21.5894642976428,14.4296442285202,"live_trap","experienced","fall",11,0,0,0
106,"juvenile","female",5.94402604997293,"forest",12.4069627951846,51.2526019301076,"live_trap","experienced","fall",87,0,0,0
9,"adult","female",5.1589777764729,"grassland",14.8995875562337,47.2191049459057,"pitfall_trap","experienced","fall",36,0,0,0
60,"adult","male",6.41082193291997,"forest",5.2234483984261,78.9210781147248,"live_trap","experienced","winter",88,1,0,0
84,"adult","female",6.37771323526846,"forest",10.1196406113728,72.8023587853677,"pitfall_trap","experienced","spring",74,1,0,0
156,"juvenile","female",5.43898629153057,"forest",4.02590911180291,39.9228397579457,"live_trap","experienced","winter",50,0,0,0
14,"juvenile","female",6.06359855501192,"forest",31.7149615714907,35.6673989318715,"pitfall_trap","experienced","summer",67,0,1,8
190,"adult","female",7.79828374361253,"forest",23.3304774787806,27.7599680790415,"live_trap","experienced","summer",51,0,0,0
51,"adult","male",4.47202063522539,"edge",0,89.7939191495742,"pitfall_trap","novice","winter",11,0,0,0
81,"juvenile","female",6.54394531105816,"grassland",14.3251419360938,69.9094090643076,"pitfall_trap","experienced","fall",67,1,0,0
113,"juvenile","female",6.83928255259975,"forest",28.3267335811941,17.9155493063498,"live_trap","experienced","summer",98,0,1,25
106,"juvenile","female",5.88916604151292,"edge",24.6384945654379,43.2932582906854,"live_trap","novice","summer",65,0,1,13
2,"adult","female",8.45071680568745,"forest",23.7601534102425,31.2038255895354,"live_trap","novice","summer",77,1,0,0
159,"adult","female",5.40295441872478,"forest",6.18478129896504,55.8907540855136,"pitfall_trap","experienced","spring",41,1,0,0
161,"adult","female",9.23699134515904,"edge",19.1312410283831,35.8633423924918,"pitfall_trap","novice","spring",83,0,1,6
58,"juvenile","female",5.92688189995414,"edge",19.9692049975301,21.7125729719678,"pitfall_trap","experienced","summer",17,0,0,0
65,"adult","male",4.17287638385848,"grassland",0.63185736685665,47.836393954801,"pitfall_trap","experienced","winter",76,0,1,3
122,"adult","female",5.42005236780519,"forest",30.2104222230379,40.4880963027934,"live_trap","novice","summer",55,1,1,1
78,"juvenile","male",5.51752929776708,"forest",12.5448699930138,54.4666585512291,"live_trap","experienced","spring",62,0,0,0
61,"adult","male",6.89270913118786,"edge",15.1773889366839,70.2935459762324,"live_trap","experienced","spring",28,0,0,0
138,"adult","female",7.67644047853869,"forest",9.50107450909583,71.5563380066641,"live_trap","experienced","winter",21,1,1,11
76,"juvenile","female",7.44990877476219,"grassland",31.0282154722883,24.1924483334184,"live_trap","experienced","summer",32,1,0,0
160,"juvenile","male",6.07207227078256,"forest",14.9202379762009,65.903763500164,"pitfall_trap","novice","spring",50,0,1,6
126,"juvenile","female",7.1197656196353,"grassland",13.658263824262,34.7553647500325,"live_trap","novice","fall",90,0,1,2
112,"juvenile","male",5.75603168854967,"forest",14.0889023714154,68.8162271822173,"live_trap","novice","spring",28,1,0,0
36,"adult","female",6.7149267839372,"forest",2.80950133962836,73.4691174826388,"live_trap","novice","winter",84,1,0,0
139,"adult","male",8.76517029915652,"grassland",11.34839172982,43.9081698671976,"pitfall_trap","novice","spring",89,0,0,0
65,"adult","male",3.44803749880471,"forest",0,100.466568245485,"live_trap","novice","winter",17,0,0,0
46,"juvenile","male",5.4279513034594,"grassland",18.7333801320147,54.5898451097056,"live_trap","experienced","spring",30,0,0,0
77,"adult","male",7.36140223044503,"forest",10.2055954930503,78.4029237204097,"live_trap","novice","spring",37,1,0,0
92,"adult","male",5.85363801269835,"grassland",19.1291965562425,86.4618348109771,"live_trap","experienced","spring",35,0,0,0
78,"juvenile","male",6.29382988996126,"forest",7.73143428977909,32.7054463998149,"live_trap","novice","spring",26,0,0,0
43,"adult","female",7.48375368992359,"edge",0,74.7630313760316,"pitfall_trap","experienced","winter",72,0,1,9
119,"adult","male",4.98298063057616,"edge",18.7656966374664,51.3950472139457,"live_trap","novice","fall",86,0,1,1
85,"adult","female",6.00122612847316,"edge",13.7410636397113,43.6103269403291,"live_trap","experienced","fall",15,0,0,0
76,"juvenile","male",5.99413098288582,"grassland",12.7814208789089,37.7227613811198,"pitfall_trap","experienced","fall",83,0,0,0
152,"adult","male",4.5753990658478,"edge",13.4873382919196,54.8612547273964,"live_trap","experienced","spring",55,0,0,0
104,"adult","female",6.728053585428,"forest",17.1838083457221,44.5205514676097,"pitfall_trap","experienced","fall",42,1,0,0
133,"adult","male",6.76906505388588,"grassland",2.08631195521429,97.9759855798771,"live_trap","experienced","winter",24,0,0,0
122,"adult","male",5.83794283376524,"forest",18.5905857185899,59.7455388711453,"pitfall_trap","experienced","fall",61,0,1,7
141,"juvenile","female",6.63469796673079,"edge",22.9684058560941,25.2637474548441,"live_trap","experienced","summer",90,0,1,9
179,"adult","female",4.87771302187587,"forest",0,20.4659524605774,"live_trap","experienced","winter",22,0,0,0
21,"adult","female",5.59313882832592,"forest",10.7155914149283,68.1104703551592,"live_trap","experienced","fall",51,1,0,0
197,"juvenile","female",5.15693417661368,"forest",16.6226137076066,48.2974453399007,"live_trap","experienced","fall",54,0,0,0
191,"adult","female",5.96053670320263,"forest",12.1375285183892,40.9178615405897,"pitfall_trap","novice","spring",86,0,1,25
104,"adult","male",4.53562519270234,"grassland",11.5539771328843,67.2026206802207,"live_trap","novice","winter",62,1,0,0
141,"juvenile","male",5.10416207754911,"grassland",2.61042867699237,70.671637377214,"live_trap","novice","winter",61,0,0,0
184,"juvenile","male",5.89316708101035,"forest",20.1363136226764,61.5138399212342,"live_trap","experienced","fall",34,1,1,16
121,"juvenile","female",4.72106094737413,"forest",11.3741241604708,55.6713279114169,"live_trap","experienced","spring",67,0,1,25
43,"adult","female",6.56657395620881,"grassland",9.50031869507793,44.6196105184634,"pitfall_trap","experienced","fall",50,1,0,0
176,"juvenile","male",5.85206571467766,"forest",16.5323560267396,37.2362332977189,"live_trap","experienced","summer",35,1,0,0
8,"adult","female",10,"edge",18.6874485034303,53.5997788524444,"live_trap","novice","spring",58,0,1,18
11,"adult","male",3.37823942727967,"forest",19.4923809077417,14.9916217567823,"live_trap","experienced","summer",32,1,1,7
74,"juvenile","female",7.16075998572759,"edge",20.1516792630412,35.5046994828757,"live_trap","experienced","fall",30,0,0,0
197,"juvenile","female",6.77257343860154,"edge",20.1601751523998,65.4187140001148,"pitfall_trap","experienced","fall",100,0,1,2
155,"adult","male",4.29093167933098,"edge",36.5333123867578,41.7067845411995,"pitfall_trap","novice","summer",22,0,0,0
44,"adult","female",6.58819206148609,"forest",26.9499535144594,31.4977473113317,"live_trap","experienced","summer",30,0,1,11
42,"juvenile","female",5.10625962422845,"edge",17.2940338965185,45.5770732980975,"pitfall_trap","experienced","fall",64,1,0,0
136,"adult","male",4.64163332464673,"forest",19.0525016800062,63.8146062397503,"live_trap","novice","fall",75,0,1,3
91,"adult","male",3.86379105812552,"forest",21.9637352457048,15.322565719712,"pitfall_trap","experienced","summer",72,0,1,15
158,"adult","male",7.61445634180869,"grassland",9.32716870985523,58.1561977720052,"pitfall_trap","experienced","winter",78,0,0,0
109,"adult","female",3.55877105081317,"forest",16.0121789453664,92.5195873225252,"pitfall_trap","experienced","winter",35,1,1,10
23,"adult","male",6.11365460201313,"forest",3.10214474229395,106.420897292691,"pitfall_trap","novice","winter",10,1,0,0
20,"juvenile","male",7.24929494862253,"forest",22.5770205906468,30.6975961438853,"live_trap","novice","summer",98,1,1,16
55,"adult","female",5.73437732674146,"forest",22.2738029796496,63.5568725165738,"live_trap","experienced","fall",65,1,0,0
125,"juvenile","male",8.06892829002719,"forest",8.73023236901813,91.9044895760383,"pitfall_trap","novice","winter",64,0,1,17
155,"adult","female",6.05568562348974,"forest",11.9884297682141,70.5271129572387,"live_trap","novice","spring",68,0,1,11
81,"juvenile","male",5.56212475665774,"forest",22.1778701454678,48.1832195944283,"pitfall_trap","experienced","fall",99,0,0,0
78,"juvenile","male",5.74354330286952,"edge",16.8119687462712,49.4112525425001,"pitfall_trap","novice","fall",15,1,0,0
95,"adult","male",5.39102019693392,"edge",12.5019482133604,43.2216343962473,"live_trap","novice","fall",87,1,0,0
63,"adult","female",5.87254836020067,"forest",26.8131979744854,32.8989703533235,"live_trap","experienced","summer",87,1,1,13
18,"juvenile","female",7.84583549868175,"grassland",21.248791753428,22.1113402910435,"pitfall_trap","novice","summer",73,0,0,0
52,"juvenile","male",3.20160917920738,"forest",30.8192601712294,-7.35312003785276,"pitfall_trap","novice","summer",14,1,1,20
96,"juvenile","male",6.59107265702296,"forest",12.109444388559,47.485858318588,"live_trap","novice","fall",10,0,1,5
178,"adult","male",7.02109168098999,"grassland",13.3736546681422,79.7671711537253,"live_trap","experienced","spring",28,0,0,0
158,"adult","female",5.86211844409027,"grassland",18.3018160632816,27.2508723082665,"live_trap","experienced","fall",25,0,0,0
2,"adult","male",7.40056165650057,"forest",11.9649619520121,44.2301952338847,"live_trap","experienced","spring",75,1,0,0
159,"adult","male",5.78833611150018,"edge",7.55860696626486,41.640167700121,"live_trap","novice","spring",44,0,1,27
95,"adult","male",6.10105829466664,"forest",9.35937827069249,27.1269887856633,"live_trap","novice","spring",44,1,1,8
176,"juvenile","male",6.01100543828317,"forest",30.5419660093789,26.2679718725849,"pitfall_trap","novice","summer",17,1,0,0
126,"juvenile","female",5.68971610979662,"grassland",15.8340792427498,64.7692280503178,"pitfall_trap","experienced","fall",38,1,0,0
182,"adult","female",5.3523522701063,"forest",36.9458162244775,19.4204564659214,"live_trap","experienced","summer",84,0,0,0
171,"juvenile","female",7.16437596664797,"forest",11.8905171178363,42.4593259190733,"live_trap","experienced","fall",36,0,1,22
162,"adult","male",6.15832454763657,"forest",30.3247548425253,24.733423403566,"live_trap","experienced","summer",15,0,1,13
65,"adult","male",9.5672764509484,"edge",21.8052122385802,42.9452918906746,"live_trap","novice","fall",59,1,1,9
53,"adult","male",3.37478082616555,"grassland",22.9730204648943,62.7521445807605,"live_trap","novice","fall",68,0,1,9
83,"adult","male",5.40321897144897,"forest",10.1242266833146,27.5179276657471,"pitfall_trap","novice","spring",27,1,0,0
158,"adult","male",8.17941155356395,"grassland",13.5344312447821,64.097209563065,"live_trap","experienced","spring",49,0,0,0
36,"adult","female",5.96536297274621,"grassland",12.4790522834697,75.999644312708,"live_trap","experienced","winter",32,0,0,0
155,"adult","female",5.43468115568671,"grassland",13.4002081986961,65.1955186819243,"pitfall_trap","experienced","fall",88,0,0,0
9,"adult","male",6.46643348945273,"grassland",3.73920623761697,59.3876101713326,"live_trap","novice","winter",17,0,1,10
132,"juvenile","female",5.44631359378886,"edge",8.35119418929803,87.6178679087292,"live_trap","novice","winter",63,0,0,0
101,"juvenile","female",6.55070143254039,"grassland",16.0011275095009,22.9436504157513,"live_trap","novice","summer",29,1,0,0
138,"adult","male",8.40207510463201,"grassland",28.8369773629837,46.2673334247197,"live_trap","novice","summer",83,1,0,0
60,"adult","male",8.16344292065385,"forest",17.4577364739344,27.2533615987307,"live_trap","experienced","summer",55,1,0,0
195,"juvenile","male",7.34057154997871,"edge",6.63753175099369,55.0380198045416,"live_trap","experienced","spring",28,0,0,0
101,"juvenile","female",5.74277074512726,"edge",24.3248221949574,46.1933729413979,"live_trap","experienced","summer",94,1,0,0
130,"juvenile","female",5.89337079223634,"grassland",23.866012183077,33.1367432777757,"pitfall_trap","novice","summer",82,1,0,0
58,"juvenile","female",4.08902142367325,"edge",13.5350554120139,62.225183462411,"live_trap","experienced","spring",56,0,1,11
90,"juvenile","male",7.7554206850516,"grassland",13.4243133934397,88.6476313041186,"pitfall_trap","experienced","spring",80,1,0,0
107,"juvenile","female",4.45259301621906,"edge",10.4493876845762,54.6119869104098,"pitfall_trap","experienced","spring",90,1,0,0
3,"juvenile","female",6.36698365387427,"forest",6.75285648011031,70.6571357568564,"live_trap","experienced","winter",60,0,0,0
63,"adult","female",6.58786858136244,"forest",12.2663583946791,39.7813203550884,"live_trap","novice","fall",84,0,0,0
53,"adult","female",5.25772974489001,"forest",17.4217462791347,51.7139564901752,"live_trap","experienced","spring",95,1,0,0
138,"adult","female",8.15311781853631,"forest",9.78970154225783,55.5415788564031,"live_trap","experienced","fall",53,1,0,0
176,"juvenile","male",5.8149952767069,"edge",8.51122118864559,80.1955850493115,"pitfall_trap","experienced","spring",83,0,1,17
119,"adult","female",4.57033892747245,"forest",21.9137924674686,64.5524064935854,"live_trap","experienced","summer",40,0,1,19
101,"juvenile","male",4.84798230840559,"grassland",10.8428358998708,40.346142351023,"live_trap","novice","spring",54,0,1,26
11,"adult","female",6.98148707322863,"grassland",17.962281258894,58.1206744340497,"pitfall_trap","experienced","fall",43,0,0,0
51,"adult","male",5.73338030053152,"edge",5.84315274212385,76.849857295572,"live_trap","experienced","winter",89,0,0,0
160,"juvenile","male",6.75321043344125,"edge",10.9306026050721,76.4884811465675,"pitfall_trap","experienced","spring",11,1,0,0
